{"cameraMode":{"drawMode":0,"name":"Shaded","section":"Shading Mode"},"sceneLighting":true,"audioPlay":false,"sceneViewState":{"showFog":true,"showMaterialUpdate":false,"showSkybox":true,"showFlares":true,"showImageEffects":true,"showParticleSystems":true},"in2DMode":false,"pivot":{"x":-0.7114114165306091,"y":1.0408565998077393,"z":0.45589974522590639},"rotation":{"x":0.19984479248523713,"y":0.7498147487640381,"z":-0.26084646582603457,"w":0.5743470191955566},"size":0.5360645055770874,"orthographic":false}