{"cameraMode":{"drawMode":0,"name":"Shaded","section":"Shading Mode"},"sceneLighting":false,"audioPlay":false,"sceneViewState":{"showFog":true,"showMaterialUpdate":false,"showSkybox":false,"showFlares":true,"showImageEffects":true,"showParticleSystems":true},"in2DMode":false,"pivot":{"x":10.070191383361817,"y":0.6334772109985352,"z":0.025455713272094728},"rotation":{"x":-0.38599249720573428,"y":-0.30417531728744509,"z":0.13650143146514893,"w":-0.8601629734039307},"size":1.426543116569519,"orthographic":false}