{"cameraMode":{"drawMode":0,"name":"Shaded","section":"Shading Mode"},"sceneLighting":true,"audioPlay":false,"sceneViewState":{"showFog":true,"showMaterialUpdate":false,"showSkybox":true,"showFlares":true,"showImageEffects":true,"showParticleSystems":true},"in2DMode":false,"pivot":{"x":-33.36383056640625,"y":0.5675082206726074,"z":-13.950926780700684},"rotation":{"x":-0.0005039628013037145,"y":-0.9959627389907837,"z":0.090193010866642,"w":-0.01086504478007555},"size":10.0,"orthographic":false}