{"cameraMode":{"drawMode":0,"name":"Shaded","section":"Shading Mode"},"sceneLighting":false,"audioPlay":false,"sceneViewState":{"showFog":true,"showMaterialUpdate":false,"showSkybox":false,"showFlares":true,"showImageEffects":true,"showParticleSystems":true},"in2DMode":false,"pivot":{"x":4.260531902313232,"y":2.364889621734619,"z":7.260199069976807},"rotation":{"x":-0.034647971391677859,"y":0.9576407074928284,"z":-0.13037744164466859,"w":-0.25459301471710207},"size":0.1317000538110733,"orthographic":false}